{
	"credit": "Made with Blockbench",
	"texture_size": [64, 64],
	"textures": {
		"8": "item/demon_particle7",
		"particle": "item/demon_particle1"
	},
	"elements": [
		{
			"name": "cube6",
			"from": [-16, 6, -16],
			"to": [32, 6, 16],
			"rotation": {"angle": 0, "axis": "y", "origin": [8, 6, 0]},
			"faces": {
				"north": {"uv": [0, 0, 12, 0], "texture": "#8"},
				"east": {"uv": [0, 0, 8, 0], "texture": "#8"},
				"south": {"uv": [0, 0, 12, 0], "texture": "#8"},
				"west": {"uv": [0, 0, 8, 0], "texture": "#8"},
				"up": {"uv": [12, 8, 0, 0], "texture": "#8"},
				"down": {"uv": [12, 0, 0, 8], "texture": "#8"}
			}
		}
	],
	"display": {
		"thirdperson_righthand": {
			"rotation": [0, 0, 33.5],
			"translation": [-6, 0, 0],
			"scale": [1.5, 1, 1]
		}
	}
}