{
	"credit": "Made with Blockbench",
	"texture_size": [32, 32],
	"textures": {
		"0": "item/demon_sword",
		"23": "item/demon_sword_particle",
		"particle": "item/demon_sword"
	},
	"elements": [
		{
			"from": [7, 2, 11],
			"to": [8, 4, 15],
			"rotation": {"angle": 0, "axis": "y", "origin": [7, 2, 5]},
			"faces": {
				"north": {"uv": [14, 0, 14.5, 1], "texture": "#0"},
				"east": {"uv": [9.5, 3, 11.5, 4], "texture": "#0"},
				"south": {"uv": [14, 1, 14.5, 2], "texture": "#0"},
				"west": {"uv": [9.5, 4, 11.5, 5], "texture": "#0"},
				"up": {"uv": [12.5, 3, 12, 1], "texture": "#0"},
				"down": {"uv": [12.5, 3, 12, 5], "texture": "#0"}
			}
		},
		{
			"from": [7, 2, 2],
			"to": [8, 4, 6],
			"rotation": {"angle": 0, "axis": "y", "origin": [8, 2, 4]},
			"faces": {
				"north": {"uv": [3.5, 14, 4, 15], "texture": "#0"},
				"east": {"uv": [9.5, 5, 11.5, 6], "texture": "#0"},
				"south": {"uv": [4, 14, 4.5, 15], "texture": "#0"},
				"west": {"uv": [9.5, 6, 11.5, 7], "texture": "#0"},
				"up": {"uv": [13.5, 3, 13, 1], "texture": "#0"},
				"down": {"uv": [13.5, 3, 13, 5], "texture": "#0"}
			}
		},
		{
			"from": [7, 2, 6],
			"to": [8, 3, 11],
			"rotation": {"angle": 0, "axis": "y", "origin": [7, 2, 7]},
			"faces": {
				"north": {"uv": [10, 14, 10.5, 14.5], "texture": "#0"},
				"east": {"uv": [11, 7, 13.5, 7.5], "texture": "#0"},
				"south": {"uv": [14, 10, 14.5, 10.5], "texture": "#0"},
				"west": {"uv": [11, 7.5, 13.5, 8], "texture": "#0"},
				"up": {"uv": [7.5, 14, 7, 11.5], "texture": "#0"},
				"down": {"uv": [8, 11.5, 7.5, 14], "texture": "#0"}
			}
		},
		{
			"from": [7, 3, 7],
			"to": [8, 5, 10],
			"rotation": {"angle": 0, "axis": "y", "origin": [7, 7, 7]},
			"faces": {
				"north": {"uv": [14, 2, 14.5, 3], "texture": "#0"},
				"east": {"uv": [9.5, 7, 11, 8], "texture": "#0"},
				"south": {"uv": [14, 3, 14.5, 4], "texture": "#0"},
				"west": {"uv": [9.5, 8, 11, 9], "texture": "#0"},
				"up": {"uv": [0.5, 15, 0, 13.5], "texture": "#0"},
				"down": {"uv": [14, 0, 13.5, 1.5], "texture": "#0"}
			}
		},
		{
			"name": "eye",
			"from": [6.5, 3, 7],
			"to": [8.5, 6, 10],
			"rotation": {"angle": -45, "axis": "x", "origin": [7, 4.5, 8.5]},
			"faces": {
				"north": {"uv": [9.5, 9, 10.5, 10.5], "texture": "#0"},
				"east": {"uv": [3.5, 0, 5, 1.5], "texture": "#0"},
				"south": {"uv": [7, 10, 8, 11.5], "texture": "#0"},
				"west": {"uv": [3.5, 1.5, 5, 3], "texture": "#0"},
				"up": {"uv": [9, 11.5, 8, 10], "texture": "#0"},
				"down": {"uv": [11.5, 9, 10.5, 10.5], "texture": "#0"}
			}
		},
		{
			"from": [7, 3, -2],
			"to": [8, 4, 2],
			"rotation": {"angle": -45, "axis": "x", "origin": [7, 4, 2]},
			"faces": {
				"north": {"uv": [14, 8.5, 14.5, 9], "texture": "#0"},
				"east": {"uv": [11.5, 10.5, 13.5, 11], "texture": "#0"},
				"south": {"uv": [14, 9, 14.5, 9.5], "texture": "#0"},
				"west": {"uv": [11.5, 11, 13.5, 11.5], "texture": "#0"},
				"up": {"uv": [11.5, 3, 11, 1], "texture": "#0"},
				"down": {"uv": [12, 11.5, 11.5, 13.5], "texture": "#0"}
			}
		},
		{
			"from": [7, 2, 0],
			"to": [8, 3, 2],
			"rotation": {"angle": -45, "axis": "x", "origin": [7, 4, 2]},
			"faces": {
				"north": {"uv": [9.5, 14, 10, 14.5], "texture": "#0"},
				"east": {"uv": [13.5, 4.5, 14.5, 5], "texture": "#0"},
				"south": {"uv": [14, 9.5, 14.5, 10], "texture": "#0"},
				"west": {"uv": [12.5, 13.5, 13.5, 14], "texture": "#0"},
				"up": {"uv": [14, 13.5, 13.5, 12.5], "texture": "#0"},
				"down": {"uv": [14, 13.5, 13.5, 14.5], "texture": "#0"}
			}
		},
		{
			"from": [7, 2, 15],
			"to": [8, 3, 17],
			"rotation": {"angle": 45, "axis": "x", "origin": [8, 4, 15]},
			"faces": {
				"north": {"uv": [14, 9.5, 14.5, 10], "texture": "#0"},
				"east": {"uv": [12.5, 13.5, 13.5, 14], "texture": "#0"},
				"south": {"uv": [9.5, 14, 10, 14.5], "texture": "#0"},
				"west": {"uv": [13.5, 4.5, 14.5, 5], "texture": "#0"},
				"up": {"uv": [14, 13.5, 13.5, 12.5], "texture": "#0"},
				"down": {"uv": [14, 13.5, 13.5, 14.5], "texture": "#0"}
			}
		},
		{
			"from": [7, 3, 15],
			"to": [8, 4, 19],
			"rotation": {"angle": 45, "axis": "x", "origin": [8, 4, 15]},
			"faces": {
				"north": {"uv": [14, 9, 14.5, 9.5], "texture": "#0"},
				"east": {"uv": [11.5, 11, 13.5, 11.5], "texture": "#0"},
				"south": {"uv": [14, 8.5, 14.5, 9], "texture": "#0"},
				"west": {"uv": [11.5, 10.5, 13.5, 11], "texture": "#0"},
				"up": {"uv": [11.5, 3, 11, 1], "texture": "#0"},
				"down": {"uv": [12, 11.5, 11.5, 13.5], "texture": "#0"}
			}
		},
		{
			"from": [7, -2, 7.5],
			"to": [8, 0, 9.5],
			"rotation": {"angle": -45, "axis": "x", "origin": [7, -1, 8.5]},
			"faces": {
				"north": {"uv": [11, 8, 11.5, 9], "texture": "#0"},
				"east": {"uv": [11.5, 6, 12.5, 7], "texture": "#0"},
				"south": {"uv": [13.5, 7.5, 14, 8.5], "texture": "#0"},
				"west": {"uv": [8.5, 11.5, 9.5, 12.5], "texture": "#0"},
				"up": {"uv": [14, 9.5, 13.5, 8.5], "texture": "#0"},
				"down": {"uv": [14, 9.5, 13.5, 10.5], "texture": "#0"}
			}
		},
		{
			"from": [7, -13, 7.5],
			"to": [8, -11, 9.5],
			"rotation": {"angle": -45, "axis": "x", "origin": [7, -12, 8.5]},
			"faces": {
				"north": {"uv": [4.5, 14, 5, 15], "texture": "#0"},
				"east": {"uv": [12.5, 6, 13.5, 7], "texture": "#0"},
				"south": {"uv": [5, 14, 5.5, 15], "texture": "#0"},
				"west": {"uv": [5, 13, 6, 14], "texture": "#0"},
				"up": {"uv": [14.5, 6, 14, 5], "texture": "#0"},
				"down": {"uv": [6, 14, 5.5, 15], "texture": "#0"}
			}
		},
		{
			"from": [7, -3, 9],
			"to": [8, 2, 10],
			"rotation": {"angle": -45, "axis": "x", "origin": [7, 2, 9]},
			"faces": {
				"north": {"uv": [1, 11, 1.5, 13.5], "texture": "#0"},
				"east": {"uv": [1.5, 11, 2, 13.5], "texture": "#0"},
				"south": {"uv": [11.5, 1, 12, 3.5], "texture": "#0"},
				"west": {"uv": [11.5, 3.5, 12, 6], "texture": "#0"},
				"up": {"uv": [14.5, 7.5, 14, 7], "texture": "#0"},
				"down": {"uv": [8, 14, 7.5, 14.5], "texture": "#0"}
			}
		},
		{
			"from": [7, -4, 8],
			"to": [8, -3, 10],
			"rotation": {"angle": -45, "axis": "x", "origin": [7, 2, 9]},
			"faces": {
				"north": {"uv": [14, 8, 14.5, 8.5], "texture": "#0"},
				"east": {"uv": [12, 10, 13, 10.5], "texture": "#0"},
				"south": {"uv": [14, 8, 14.5, 8.5], "texture": "#0"},
				"west": {"uv": [12, 10, 13, 10.5], "texture": "#0"},
				"up": {"uv": [14, 11.5, 13.5, 10.5], "texture": "#0"},
				"down": {"uv": [14, 10.5, 13.5, 11.5], "texture": "#0"}
			}
		},
		{
			"from": [7, 2, 3],
			"to": [8, 3, 8],
			"rotation": {"angle": -45, "axis": "x", "origin": [7, 2, 8]},
			"faces": {
				"north": {"uv": [13, 10, 13.5, 10.5], "texture": "#0"},
				"east": {"uv": [11, 0, 13.5, 0.5], "texture": "#0"},
				"south": {"uv": [14, 4, 14.5, 4.5], "texture": "#0"},
				"west": {"uv": [11, 0.5, 13.5, 1], "texture": "#0"},
				"up": {"uv": [0.5, 13.5, 0, 11], "texture": "#0"},
				"down": {"uv": [1, 11, 0.5, 13.5], "texture": "#0"}
			}
		},
		{
			"from": [7, 1, 2],
			"to": [8, 3, 3],
			"rotation": {"angle": -45, "axis": "x", "origin": [7, 2, 8]},
			"faces": {
				"north": {"uv": [13.5, 10.5, 14, 11.5], "texture": "#0"},
				"east": {"uv": [11.5, 13.5, 12, 14.5], "texture": "#0"},
				"south": {"uv": [13.5, 11.5, 14, 12.5], "texture": "#0"},
				"west": {"uv": [12, 13.5, 12.5, 14.5], "texture": "#0"},
				"up": {"uv": [14.5, 8, 14, 7.5], "texture": "#0"},
				"down": {"uv": [8.5, 14, 8, 14.5], "texture": "#0"}
			}
		},
		{
			"from": [7, 5, 6],
			"to": [8, 17, 11],
			"rotation": {"angle": 0, "axis": "y", "origin": [6, 4, 7.5]},
			"faces": {
				"north": {"uv": [2.5, 9, 3, 15], "texture": "#0"},
				"east": {"uv": [0, 3, 2.5, 9], "texture": "#0"},
				"south": {"uv": [3, 9, 3.5, 15], "texture": "#0"},
				"west": {"uv": [2.5, 3, 5, 9], "texture": "#0"},
				"up": {"uv": [8.5, 14, 8, 11.5], "texture": "#0"},
				"down": {"uv": [12, 8, 11.5, 10.5], "texture": "#0"}
			}
		},
		{
			"from": [7, 30, 6.5],
			"to": [8, 30.6, 10.5],
			"rotation": {"angle": 0, "axis": "y", "origin": [6, 23, 7.5]},
			"faces": {
				"north": {"uv": [10.5, 14, 11, 14.5], "texture": "#0"},
				"east": {"uv": [12, 5, 14, 5.5], "texture": "#0"},
				"south": {"uv": [14, 10.5, 14.5, 11], "texture": "#0"},
				"west": {"uv": [12, 5.5, 14, 6], "texture": "#0"},
				"up": {"uv": [10.5, 14, 10, 12], "texture": "#0"},
				"down": {"uv": [11, 12, 10.5, 14], "texture": "#0"}
			}
		},
		{
			"from": [7, 17, 6.5],
			"to": [8, 30, 10.5],
			"rotation": {"angle": 0, "axis": "y", "origin": [6, 22, 7.5]},
			"faces": {
				"north": {"uv": [9, 0, 9.5, 6.5], "texture": "#0"},
				"east": {"uv": [5, 0, 7, 6.5], "texture": "#0"},
				"south": {"uv": [2, 9, 2.5, 15.5], "texture": "#0"},
				"west": {"uv": [5, 6.5, 7, 13], "texture": "#0"},
				"up": {"uv": [12.5, 10, 12, 8], "texture": "#0"},
				"down": {"uv": [10, 12, 9.5, 14], "texture": "#0"}
			}
		},
		{
			"from": [7, 29.15, 7.15],
			"to": [8, 32, 10],
			"rotation": {"angle": -45, "axis": "x", "origin": [6, 30.5, 8.5]},
			"faces": {
				"north": {"uv": [0.5, 13.5, 1, 15], "texture": "#0"},
				"east": {"uv": [9.5, 0, 11, 1.5], "texture": "#0"},
				"south": {"uv": [1, 13.5, 1.5, 15], "texture": "#0"},
				"west": {"uv": [9.5, 1.5, 11, 3], "texture": "#0"},
				"up": {"uv": [2, 15, 1.5, 13.5], "texture": "#0"},
				"down": {"uv": [14, 1.5, 13.5, 3], "texture": "#0"}
			}
		},
		{
			"from": [7, 3.17855, 6.75355],
			"to": [8, 6.72855, 10.30355],
			"rotation": {"angle": 45, "axis": "x", "origin": [6, 5.025, 8.6]},
			"faces": {
				"north": {"uv": [6, 13, 6.5, 15], "texture": "#0"},
				"east": {"uv": [7, 8, 9, 10], "texture": "#0"},
				"south": {"uv": [6.5, 13, 7, 15], "texture": "#0"},
				"west": {"uv": [0, 9, 2, 11], "texture": "#0"},
				"up": {"uv": [13.5, 10, 13, 8], "texture": "#0"},
				"down": {"uv": [13.5, 11.5, 13, 13.5], "texture": "#0"}
			}
		},
		{
			"from": [7, 15.05, 7.15],
			"to": [8, 18.6, 10.7],
			"rotation": {"angle": -45, "axis": "x", "origin": [6, 16.4, 8.5]},
			"faces": {
				"north": {"uv": [11, 12, 11.5, 14], "texture": "#0"},
				"east": {"uv": [7, 0, 9, 2], "texture": "#0"},
				"south": {"uv": [12, 11.5, 12.5, 13.5], "texture": "#0"},
				"west": {"uv": [7, 2, 9, 4], "texture": "#0"},
				"up": {"uv": [13, 3, 12.5, 1], "texture": "#0"},
				"down": {"uv": [13, 3, 12.5, 5], "texture": "#0"}
			}
		},
		{
			"from": [7, -0.44645, 6.75355],
			"to": [8, 3.10355, 10.30355],
			"rotation": {"angle": 45, "axis": "x", "origin": [6, 1.4, 8.6]},
			"faces": {
				"north": {"uv": [12.5, 8, 13, 10], "texture": "#0"},
				"east": {"uv": [7, 4, 9, 6], "texture": "#0"},
				"south": {"uv": [8.5, 12.5, 9, 14.5], "texture": "#0"},
				"west": {"uv": [7, 6, 9, 8], "texture": "#0"},
				"up": {"uv": [9.5, 14.5, 9, 12.5], "texture": "#0"},
				"down": {"uv": [13, 11.5, 12.5, 13.5], "texture": "#0"}
			}
		},
		{
			"from": [7, -11.25, 8],
			"to": [8, -1.25, 9],
			"rotation": {"angle": 0, "axis": "y", "origin": [6, -11.25, 7]},
			"faces": {
				"north": {"uv": [3.5, 9, 4, 14], "texture": "#0"},
				"east": {"uv": [4, 9, 4.5, 14], "texture": "#0"},
				"south": {"uv": [4.5, 9, 5, 14], "texture": "#0"},
				"west": {"uv": [9, 6.5, 9.5, 11.5], "texture": "#0"},
				"up": {"uv": [11.5, 14.5, 11, 14], "texture": "#0"},
				"down": {"uv": [14.5, 11, 14, 11.5], "texture": "#0"}
			}
		},
		{
			"from": [7, -6.25, 7.5],
			"to": [8, -3.25, 9.5],
			"rotation": {"angle": 0, "axis": "y", "origin": [7, -6.25, 6.5]},
			"faces": {
				"north": {"uv": [13.5, 3, 14, 4.5], "texture": "#0"},
				"east": {"uv": [9.5, 10.5, 10.5, 12], "texture": "#0"},
				"south": {"uv": [13.5, 6, 14, 7.5], "texture": "#0"},
				"west": {"uv": [10.5, 10.5, 11.5, 12], "texture": "#0"},
				"up": {"uv": [14.5, 7, 14, 6], "texture": "#0"},
				"down": {"uv": [7.5, 14, 7, 15], "texture": "#0"}
			}
		},
		{
			"from": [6, 4, 4.5],
			"to": [9, 20, 12.5],
			"rotation": {"angle": 0, "axis": "y", "origin": [7, 4, 7.5]},
			"faces": {
				"north": {"uv": [0, 0, 3, 16], "texture": "#23"},
				"east": {"uv": [0, 0, 6, 16], "texture": "#23"},
				"south": {"uv": [0, 0, 3, 16], "texture": "#23"},
				"west": {"uv": [0, 0, 6, 16], "texture": "#23"},
				"up": {"uv": [6, 0, 9, 6], "texture": "#23", "cullface": "up"},
				"down": {"uv": [6, 6, 9, 12], "texture": "#23"}
			}
		},
		{
			"from": [6, 20, 5.5],
			"to": [9, 32, 11.5],
			"rotation": {"angle": 0, "axis": "y", "origin": [7, 16, 7.5]},
			"faces": {
				"north": {"uv": [0, 0, 3, 12], "texture": "#23"},
				"east": {"uv": [0, 0, 6, 12], "texture": "#23"},
				"south": {"uv": [0, 0, 3, 12], "texture": "#23"},
				"west": {"uv": [0, 0, 6, 12], "texture": "#23"},
				"up": {"uv": [6, 0, 9, 6], "texture": "#23"},
				"down": {"uv": [6, 0, 9, 6], "texture": "#23"}
			}
		}
	],
	"display": {
		"thirdperson_righthand": {
			"translation": [0.25, 10.25, 0.5],
			"scale": [0.85, 0.85, 0.85]
		},
		"thirdperson_lefthand": {
			"translation": [0.25, 10.25, 0.5],
			"scale": [0.85, 0.85, 0.85]
		},
		"firstperson_righthand": {
			"rotation": [2, 13, -6],
			"translation": [2.5, 3.5, 0],
			"scale": [0.5, 0.5, 0.5]
		},
		"firstperson_lefthand": {
			"rotation": [8, -167, -6],
			"translation": [3.25, 2.75, 0],
			"scale": [0.5, 0.5, 0.5]
		},
		"ground": {
			"rotation": [90, 90, 180],
			"translation": [0, -3.25, 0.25],
			"scale": [0.75, 0.75, 0.75]
		},
		"gui": {
			"rotation": [90, 45, -90],
			"translation": [-1.25, 0, 0],
			"scale": [0.5, 0.5, 0.5]
		},
		"fixed": {
			"rotation": [90, -45, 90],
			"translation": [1, -0.75, 0.75],
			"scale": [0.6, 0.6, 0.6]
		}
	},
	"groups": [
		0,
		1,
		2,
		3,
		4,
		5,
		6,
		7,
		8,
		9,
		10,
		11,
		12,
		13,
		14,
		{
			"name": "group",
			"origin": [6, 4, 7.5],
			"color": 0,
			"children": [15, 16, 17, 18, 19, 20]
		},
		21,
		22,
		23,
		24,
		25
	]
}