{
  "parent": "minecraft:item/handheld",
  "textures": {
    "layer0": "minecraft:item/iron_sword"
  },
  "overrides": [
    {"predicate": {"custom_model_data": 100666}, "model": "minecraft:item/demon_particle1"},
    {"predicate": {"custom_model_data": 200666}, "model": "minecraft:item/demon_particle2"},
    {"predicate": {"custom_model_data": 300666}, "model": "minecraft:item/demon_particle3"},
    {"predicate": {"custom_model_data": 400666}, "model": "minecraft:item/demon_particle4"},
    {"predicate": {"custom_model_data": 500666}, "model": "minecraft:item/demon_particle5"},
    {"predicate": {"custom_model_data": 600666}, "model": "minecraft:item/demon_particle6"},
    {"predicate": {"custom_model_data": 700666}, "model": "minecraft:item/demon_particle7"},
    {"predicate": {"custom_model_data": 800666}, "model": "minecraft:item/demon_particle8"}
  ]
}