{
	"credit": "Made with Blockbench",
	"texture_size": [64, 64],
	"textures": {
		"1": "item/moon_sword",
		"2": "item/moon_sword_particle",
		"3": "item/moon_sword_particle_2",
		"particle": "item/moon_sword_particle"
	},
	"elements": [
		{
			"from": [7, -16, 8],
			"to": [8, -5, 9],
			"rotation": {"angle": 0, "axis": "y", "origin": [8, -16, 7]},
			"faces": {
				"north": {"uv": [7, 3, 7.25, 5.75], "texture": "#1"},
				"east": {"uv": [5.5, 7, 5.75, 9.75], "texture": "#1"},
				"south": {"uv": [5.75, 7, 6, 9.75], "texture": "#1"},
				"west": {"uv": [7, 5.75, 7.25, 8.5], "texture": "#1"},
				"up": {"uv": [3, 8.75, 2.75, 8.5], "texture": "#1"},
				"down": {"uv": [8.75, 2.75, 8.5, 3], "texture": "#1"}
			}
		},
		{
			"from": [7, -7.5, 8],
			"to": [8, -5.5, 9],
			"rotation": {"angle": 45, "axis": "y", "origin": [7.5, -11.5, 8.5]},
			"faces": {
				"north": {"uv": [2.5, 8, 2.75, 8.5], "texture": "#1"},
				"east": {"uv": [2.75, 8, 3, 8.5], "texture": "#1"},
				"south": {"uv": [8, 4.75, 8.25, 5.25], "texture": "#1"},
				"west": {"uv": [8, 5.25, 8.25, 5.75], "texture": "#1"},
				"up": {"uv": [8.75, 3.25, 8.5, 3], "texture": "#1"},
				"down": {"uv": [8.75, 3.25, 8.5, 3.5], "texture": "#1"}
			}
		},
		{
			"from": [6.45, -15.5, 8.5],
			"to": [7.95, -14.5, 10],
			"rotation": {"angle": 45, "axis": "y", "origin": [6.45, -15.5, 8.5]},
			"faces": {
				"north": {"uv": [8, 1.5, 8.5, 1.75], "texture": "#1"},
				"east": {"uv": [8, 5.75, 8.5, 6], "texture": "#1"},
				"south": {"uv": [8, 6, 8.5, 6.25], "texture": "#1"},
				"west": {"uv": [8, 6.75, 8.5, 7], "texture": "#1"},
				"up": {"uv": [8.25, 3, 7.75, 2.5], "texture": "#1"},
				"down": {"uv": [8.25, 3, 7.75, 3.5], "texture": "#1"}
			}
		},
		{
			"from": [7, -6.5, 7.205],
			"to": [8, -4.5, 8.205],
			"rotation": {"angle": -45, "axis": "x", "origin": [8, -5, 7.705]},
			"faces": {
				"north": {"uv": [0.25, 8, 0.5, 8.5], "texture": "#1"},
				"east": {"uv": [8, 0.5, 8.25, 1], "texture": "#1"},
				"south": {"uv": [8, 1, 8.25, 1.5], "texture": "#1"},
				"west": {"uv": [2.25, 8, 2.5, 8.5], "texture": "#1"},
				"up": {"uv": [2.75, 8.75, 2.5, 8.5], "texture": "#1"},
				"down": {"uv": [8.75, 2.5, 8.5, 2.75], "texture": "#1"}
			}
		},
		{
			"from": [7, -6.425, 8.823],
			"to": [8, -4.425, 9.823],
			"rotation": {"angle": 45, "axis": "x", "origin": [8, -4.925, 9.223]},
			"faces": {
				"north": {"uv": [7.75, 6.75, 8, 7.25], "texture": "#1"},
				"east": {"uv": [7.75, 7.25, 8, 7.75], "texture": "#1"},
				"south": {"uv": [7.75, 7.75, 8, 8.25], "texture": "#1"},
				"west": {"uv": [0, 8, 0.25, 8.5], "texture": "#1"},
				"up": {"uv": [8.75, 2, 8.5, 1.75], "texture": "#1"},
				"down": {"uv": [2.5, 8.5, 2.25, 8.75], "texture": "#1"}
			}
		},
		{
			"from": [7, -5, 6],
			"to": [8, -4, 11],
			"rotation": {"angle": 0, "axis": "y", "origin": [8, -7, 11]},
			"faces": {
				"north": {"uv": [8.5, 1.25, 8.75, 1.5], "texture": "#1"},
				"east": {"uv": [7.5, 2, 8.75, 2.25], "texture": "#1"},
				"south": {"uv": [8.5, 1.5, 8.75, 1.75], "texture": "#1"},
				"west": {"uv": [7.5, 2.25, 8.75, 2.5], "texture": "#1"},
				"up": {"uv": [2.25, 8.75, 2, 7.5], "texture": "#1"},
				"down": {"uv": [7.75, 2.5, 7.5, 3.75], "texture": "#1"}
			}
		},
		{
			"from": [7, -4, 4],
			"to": [8, -3, 13],
			"rotation": {"angle": 0, "axis": "y", "origin": [8, -4, 7]},
			"faces": {
				"north": {"uv": [2, 5.75, 2.25, 6], "texture": "#1"},
				"east": {"uv": [6.25, 0, 8.5, 0.25], "texture": "#1"},
				"south": {"uv": [2.75, 5.75, 3, 6], "texture": "#1"},
				"west": {"uv": [6.25, 0.25, 8.5, 0.5], "texture": "#1"},
				"up": {"uv": [6.25, 9.25, 6, 7], "texture": "#1"},
				"down": {"uv": [6.5, 7, 6.25, 9.25], "texture": "#1"}
			}
		},
		{
			"from": [6.5, -4.5, 7],
			"to": [8.5, -3.5, 10],
			"rotation": {"angle": 0, "axis": "y", "origin": [7.5, -4.5, 7]},
			"faces": {
				"north": {"uv": [7.75, 6.25, 8.25, 6.5], "texture": "#1"},
				"east": {"uv": [7.75, 1.75, 8.5, 2], "texture": "#1"},
				"south": {"uv": [7.75, 6.5, 8.25, 6.75], "texture": "#1"},
				"west": {"uv": [7.75, 4.5, 8.5, 4.75], "texture": "#1"},
				"up": {"uv": [7.75, 1.25, 7.25, 0.5], "texture": "#1"},
				"down": {"uv": [7.75, 1.25, 7.25, 2], "texture": "#1"}
			}
		},
		{
			"from": [7, -3.95, 3.025],
			"to": [8, -2.95, 4.025],
			"rotation": {"angle": 45, "axis": "x", "origin": [8, -3.95, 3.95]},
			"faces": {
				"north": {"uv": [8.25, 7.5, 8.5, 7.75], "texture": "#1"},
				"east": {"uv": [7.75, 8.25, 8, 8.5], "texture": "#1"},
				"south": {"uv": [8.25, 7.75, 8.5, 8], "texture": "#1"},
				"west": {"uv": [8.25, 8, 8.5, 8.25], "texture": "#1"},
				"up": {"uv": [8.5, 8.5, 8.25, 8.25], "texture": "#1"},
				"down": {"uv": [0.25, 8.5, 0, 8.75], "texture": "#1"}
			}
		},
		{
			"from": [7, -3.95, 12.975],
			"to": [8, -2.95, 13.975],
			"rotation": {"angle": -45, "axis": "x", "origin": [7, -3.95, 13.05]},
			"faces": {
				"north": {"uv": [8.5, 0, 8.75, 0.25], "texture": "#1"},
				"east": {"uv": [0.25, 8.5, 0.5, 8.75], "texture": "#1"},
				"south": {"uv": [8.5, 0.25, 8.75, 0.5], "texture": "#1"},
				"west": {"uv": [8.5, 0.5, 8.75, 0.75], "texture": "#1"},
				"up": {"uv": [8.75, 1, 8.5, 0.75], "texture": "#1"},
				"down": {"uv": [8.75, 1, 8.5, 1.25], "texture": "#1"}
			}
		},
		{
			"from": [7, -3, 5.225],
			"to": [8, -1, 11.775],
			"rotation": {"angle": 0, "axis": "y", "origin": [6, -4, 8]},
			"faces": {
				"north": {"uv": [8, 7, 8.25, 7.5], "texture": "#1"},
				"east": {"uv": [5.75, 2, 7.5, 2.5], "texture": "#1"},
				"south": {"uv": [7.25, 8, 7.5, 8.5], "texture": "#1"},
				"west": {"uv": [5.75, 2.5, 7.5, 3], "texture": "#1"},
				"up": {"uv": [7.5, 4.75, 7.25, 3], "texture": "#1"},
				"down": {"uv": [7.5, 4.75, 7.25, 6.5], "texture": "#1"}
			}
		},
		{
			"from": [7, 28.75, 6.35],
			"to": [8, 30.75, 8.35],
			"rotation": {"angle": -45, "axis": "x", "origin": [6, 30.75, 8.85]},
			"faces": {
				"north": {"uv": [8, 7.5, 8.25, 8], "texture": "#1"},
				"east": {"uv": [7.75, 3.5, 8.25, 4], "texture": "#1"},
				"south": {"uv": [8, 8, 8.25, 8.5], "texture": "#1"},
				"west": {"uv": [7.75, 4, 8.25, 4.5], "texture": "#1"},
				"up": {"uv": [8.5, 1, 8.25, 0.5], "texture": "#1"},
				"down": {"uv": [8.5, 1, 8.25, 1.5], "texture": "#1"}
			}
		},
		{
			"from": [7, 15, 5.5],
			"to": [8, 21, 11.5],
			"rotation": {"angle": 0, "axis": "y", "origin": [6, 13, 7.5]},
			"faces": {
				"north": {"uv": [7.25, 6.5, 7.5, 8], "texture": "#1"},
				"east": {"uv": [5.75, 0.5, 7.25, 2], "texture": "#1"},
				"south": {"uv": [0.75, 7.5, 1, 9], "texture": "#1"},
				"west": {"uv": [0.75, 6, 2.25, 7.5], "texture": "#1"},
				"up": {"uv": [1.25, 9, 1, 7.5], "texture": "#1"},
				"down": {"uv": [1.5, 7.5, 1.25, 9], "texture": "#1"}
			}
		},
		{
			"from": [7, -1, 5.5],
			"to": [8, 15, 11.5],
			"rotation": {"angle": 0, "axis": "y", "origin": [6, -3, 8.5]},
			"faces": {
				"north": {"uv": [4.5, 5.75, 4.75, 9.75], "texture": "#1"},
				"east": {"uv": [3, 5.5, 4.5, 9.5], "texture": "#1"},
				"south": {"uv": [0.5, 6.25, 0.75, 10.25], "texture": "#1"},
				"west": {"uv": [5.5, 3, 7, 7], "texture": "#1"},
				"up": {"uv": [1.75, 9, 1.5, 7.5], "texture": "#1"},
				"down": {"uv": [2, 7.5, 1.75, 9], "texture": "#1"}
			}
		},
		{
			"from": [7, 21, 7],
			"to": [8, 29, 10],
			"rotation": {"angle": 0, "axis": "y", "origin": [6, 21, 7]},
			"faces": {
				"north": {"uv": [6.5, 7, 6.75, 9], "texture": "#1"},
				"east": {"uv": [4.75, 5.5, 5.5, 7.5], "texture": "#1"},
				"south": {"uv": [6.75, 7, 7, 9], "texture": "#1"},
				"west": {"uv": [2.25, 6, 3, 8], "texture": "#1"},
				"up": {"uv": [8, 5.5, 7.75, 4.75], "texture": "#1"},
				"down": {"uv": [8, 5.5, 7.75, 6.25], "texture": "#1"}
			}
		},
		{
			"from": [7, 21, 6],
			"to": [8, 26, 7],
			"rotation": {"angle": 0, "axis": "y", "origin": [6, 21, 4]},
			"faces": {
				"north": {"uv": [7.5, 3.75, 7.75, 5], "texture": "#1"},
				"east": {"uv": [4.75, 7.5, 5, 8.75], "texture": "#1"},
				"south": {"uv": [5, 7.5, 5.25, 8.75], "texture": "#1"},
				"west": {"uv": [7.5, 5, 7.75, 6.25], "texture": "#1"},
				"up": {"uv": [8.75, 3.75, 8.5, 3.5], "texture": "#1"},
				"down": {"uv": [8.75, 3.75, 8.5, 4], "texture": "#1"}
			}
		},
		{
			"from": [7, 21, 5.5],
			"to": [8, 22, 6.5],
			"rotation": {"angle": 45, "axis": "x", "origin": [6, 21, 5.5]},
			"faces": {
				"north": {"uv": [8.5, 4.5, 8.75, 4.75], "texture": "#1"},
				"east": {"uv": [8.5, 4.75, 8.75, 5], "texture": "#1"},
				"south": {"uv": [8.5, 5, 8.75, 5.25], "texture": "#1"},
				"west": {"uv": [8.5, 5.25, 8.75, 5.5], "texture": "#1"},
				"up": {"uv": [8.75, 5.75, 8.5, 5.5], "texture": "#1"},
				"down": {"uv": [8.75, 5.75, 8.5, 6], "texture": "#1"}
			}
		},
		{
			"from": [7, 26, 6],
			"to": [8, 27.5, 7],
			"rotation": {"angle": 45, "axis": "x", "origin": [6, 26, 6]},
			"faces": {
				"north": {"uv": [8.25, 2.5, 8.5, 3], "texture": "#1"},
				"east": {"uv": [8.25, 3, 8.5, 3.5], "texture": "#1"},
				"south": {"uv": [8.25, 3.5, 8.5, 4], "texture": "#1"},
				"west": {"uv": [8.25, 4, 8.5, 4.5], "texture": "#1"},
				"up": {"uv": [7.5, 8.75, 7.25, 8.5], "texture": "#1"},
				"down": {"uv": [8.75, 7.25, 8.5, 7.5], "texture": "#1"}
			}
		},
		{
			"from": [7, 21, 10],
			"to": [8, 26, 11],
			"rotation": {"angle": 0, "axis": "y", "origin": [6, 21, 8]},
			"faces": {
				"north": {"uv": [5.25, 7.5, 5.5, 8.75], "texture": "#1"},
				"east": {"uv": [7.5, 6.25, 7.75, 7.5], "texture": "#1"},
				"south": {"uv": [7.5, 7.5, 7.75, 8.75], "texture": "#1"},
				"west": {"uv": [7.75, 0.5, 8, 1.75], "texture": "#1"},
				"up": {"uv": [8.75, 4.25, 8.5, 4], "texture": "#1"},
				"down": {"uv": [8.75, 4.25, 8.5, 4.5], "texture": "#1"}
			}
		},
		{
			"from": [7, 21, 10.5],
			"to": [8, 22, 11.5],
			"rotation": {"angle": -45, "axis": "x", "origin": [6, 21, 11.5]},
			"faces": {
				"north": {"uv": [8.5, 6, 8.75, 6.25], "texture": "#1"},
				"east": {"uv": [8.5, 6.25, 8.75, 6.5], "texture": "#1"},
				"south": {"uv": [8.5, 6.5, 8.75, 6.75], "texture": "#1"},
				"west": {"uv": [8.5, 6.75, 8.75, 7], "texture": "#1"},
				"up": {"uv": [7.25, 8.75, 7, 8.5], "texture": "#1"},
				"down": {"uv": [8.75, 7, 8.5, 7.25], "texture": "#1"}
			}
		},
		{
			"from": [7, 26, 10],
			"to": [8, 27.5, 11],
			"rotation": {"angle": -45, "axis": "x", "origin": [6, 26, 11]},
			"faces": {
				"north": {"uv": [8.25, 4.75, 8.5, 5.25], "texture": "#1"},
				"east": {"uv": [8.25, 5.25, 8.5, 5.75], "texture": "#1"},
				"south": {"uv": [8.25, 6.25, 8.5, 6.75], "texture": "#1"},
				"west": {"uv": [8.25, 7, 8.5, 7.5], "texture": "#1"},
				"up": {"uv": [8.75, 7.75, 8.5, 7.5], "texture": "#1"},
				"down": {"uv": [8, 8.5, 7.75, 8.75], "texture": "#1"}
			}
		},
		{
			"from": [7.475, -3, 3],
			"to": [7.525, 31, 14],
			"rotation": {"angle": 0, "axis": "y", "origin": [7.5, 13, 8]},
			"faces": {
				"north": {"uv": [0, 8.5, 0, 8.5], "texture": "#2"},
				"east": {"uv": [0, 0, 2.75, 8.5], "texture": "#2"},
				"south": {"uv": [0, 8.5, 0, 8.5], "texture": "#2", "cullface": "south"},
				"west": {"uv": [0, 0, 2.75, 8.5], "texture": "#2"},
				"up": {"uv": [0, 0, 0, 0], "texture": "#2"},
				"down": {"uv": [0, 0, 0, 0], "texture": "#2"}
			}
		},
		{
			"from": [6.975, -1.025, 5.475],
			"to": [8.025, 21.025, 11.525],
			"rotation": {"angle": 0, "axis": "y", "origin": [6.625, 0, 7.5]},
			"faces": {
				"north": {"uv": [0, 0, 0.2625, 5.5125], "texture": "#3"},
				"east": {"uv": [0, 0, 1.5125, 5.5125], "texture": "#3"},
				"south": {"uv": [0, 0, 0.2625, 5.5125], "texture": "#3"},
				"west": {"uv": [0, 0, 1.5125, 5.5125], "texture": "#3"},
				"up": {"uv": [0, 0, 0.2625, 1.5125], "texture": "#3"},
				"down": {"uv": [0, 0, 0.2625, 1.5125], "texture": "#3"}
			}
		},
		{
			"from": [6.975, 20.975, 5.975],
			"to": [8.025, 26.025, 11.025],
			"rotation": {"angle": 0, "axis": "y", "origin": [6.625, 10, 7.5]},
			"faces": {
				"north": {"uv": [0, 0, 0.2625, 1.2625], "texture": "#3"},
				"east": {"uv": [0, 0, 1.2625, 1.2625], "texture": "#3"},
				"south": {"uv": [0, 0, 0.2625, 1.2625], "texture": "#3"},
				"west": {"uv": [0, 0, 1.2625, 1.2625], "texture": "#3"},
				"up": {"uv": [0, 0, 0.2625, 1.2625], "texture": "#3"},
				"down": {"uv": [0, 0, 0.2625, 1.2625], "texture": "#3"}
			}
		},
		{
			"from": [6.975, 25.975, 6.975],
			"to": [8.025, 29.025, 10.025],
			"rotation": {"angle": 0, "axis": "y", "origin": [6.625, 15, 7.5]},
			"faces": {
				"north": {"uv": [0, 0, 0.2625, 0.7625], "texture": "#3"},
				"east": {"uv": [0, 0, 0.7625, 0.7625], "texture": "#3"},
				"south": {"uv": [0, 0, 0.2625, 0.7625], "texture": "#3"},
				"west": {"uv": [0, 0, 0.7625, 0.7625], "texture": "#3"},
				"up": {"uv": [0, 0, 0.2625, 0.7625], "texture": "#3"},
				"down": {"uv": [0, 0, 0.2625, 0.7625], "texture": "#3"}
			}
		},
		{
			"from": [6.975, -3.025, 5.2],
			"to": [8.025, -0.975, 11.8],
			"rotation": {"angle": 0, "axis": "y", "origin": [6.625, -2, 7.5]},
			"faces": {
				"north": {"uv": [0, 0, 0.2625, 0.5125], "texture": "#3"},
				"east": {"uv": [0, 0, 1.65, 0.5125], "texture": "#3"},
				"south": {"uv": [0, 0, 0.2625, 0.5125], "texture": "#3"},
				"west": {"uv": [0, 0, 1.65, 0.5125], "texture": "#3"},
				"up": {"uv": [0, 0, 0.2625, 1.65], "texture": "#3"},
				"down": {"uv": [0, 0, 0.2625, 1.65], "texture": "#3"}
			}
		}
	],
	"display": {
		"thirdperson_righthand": {
			"translation": [0, 13, 0.75],
			"scale": [0.85, 0.85, 0.85]
		},
		"thirdperson_lefthand": {
			"translation": [0, 13, 0.75],
			"scale": [0.85, 0.85, 0.85]
		},
		"firstperson_righthand": {
			"rotation": [9, 21.75, 0],
			"translation": [2.5, 6.25, 0.5],
			"scale": [0.5, 0.5, 0.5]
		},
		"firstperson_lefthand": {
			"rotation": [9, 21.75, 0],
			"translation": [2.5, 6.25, 0.25],
			"scale": [0.5, 0.5, 0.5]
		},
		"ground": {
			"rotation": [0, 0, 90]
		},
		"gui": {
			"rotation": [90, 45, -90],
			"translation": [-0.125, 0.25, 0.75],
			"scale": [0.475, 0.475, 0.475]
		},
		"fixed": {
			"rotation": [90, -45, 90],
			"translation": [0, 0.5, 0.75],
			"scale": [0.6, 0.6, 0.6]
		}
	}
}