{
	"credit": "Made with Blockbench",
	"texture_size": [32, 32],
	"textures": {
		"19": "item/moon_sword_broken"
	},
	"elements": [
		{
			"from": [7, -16, 8],
			"to": [8, -5, 9],
			"rotation": {"angle": 0, "axis": "y", "origin": [8, -16, 7]},
			"faces": {
				"north": {"uv": [4, 5.5, 4.5, 11], "texture": "#19"},
				"east": {"uv": [4.5, 5.5, 5, 11], "texture": "#19"},
				"south": {"uv": [5, 5.5, 5.5, 11], "texture": "#19"},
				"west": {"uv": [5.5, 5.5, 6, 11], "texture": "#19"},
				"up": {"uv": [10.5, 10, 10, 9.5], "texture": "#19"},
				"down": {"uv": [10.5, 10, 10, 10.5], "texture": "#19"}
			}
		},
		{
			"from": [7, -7.5, 8],
			"to": [8, -5.5, 9],
			"rotation": {"angle": 45, "axis": "y", "origin": [7.5, -11.5, 8.5]},
			"faces": {
				"north": {"uv": [9, 9.5, 9.5, 10.5], "texture": "#19"},
				"east": {"uv": [9.5, 9.5, 10, 10.5], "texture": "#19"},
				"south": {"uv": [1, 10, 1.5, 11], "texture": "#19"},
				"west": {"uv": [10, 1, 10.5, 2], "texture": "#19"},
				"up": {"uv": [11, 9, 10.5, 8.5], "texture": "#19"},
				"down": {"uv": [9.5, 10.5, 9, 11], "texture": "#19"}
			}
		},
		{
			"from": [6.45, -15.5, 8.5],
			"to": [7.95, -14.5, 10],
			"rotation": {"angle": 45, "axis": "y", "origin": [6.45, -15.5, 8.5]},
			"faces": {
				"north": {"uv": [9.5, 2.5, 10.5, 3], "texture": "#19"},
				"east": {"uv": [3, 9.5, 4, 10], "texture": "#19"},
				"south": {"uv": [9.5, 3, 10.5, 3.5], "texture": "#19"},
				"west": {"uv": [9.5, 3.5, 10.5, 4], "texture": "#19"},
				"up": {"uv": [4, 1, 3, 0], "texture": "#19"},
				"down": {"uv": [9, 5, 8, 6], "texture": "#19"}
			}
		},
		{
			"from": [7, -6.5, 7.205],
			"to": [8, -4.5, 8.205],
			"rotation": {"angle": -45, "axis": "x", "origin": [8, -5, 7.705]},
			"faces": {
				"north": {"uv": [10, 6.5, 10.5, 7.5], "texture": "#19"},
				"east": {"uv": [7, 10, 7.5, 11], "texture": "#19"},
				"south": {"uv": [7.5, 10, 8, 11], "texture": "#19"},
				"west": {"uv": [10, 7.5, 10.5, 8.5], "texture": "#19"},
				"up": {"uv": [11, 10, 10.5, 9.5], "texture": "#19"},
				"down": {"uv": [10.5, 10.5, 10, 11], "texture": "#19"}
			}
		},
		{
			"from": [7, -6.425, 8.823],
			"to": [8, -4.425, 9.823],
			"rotation": {"angle": 45, "axis": "x", "origin": [8, -4.925, 9.223]},
			"faces": {
				"north": {"uv": [2, 1, 2.5, 2], "texture": "#19"},
				"east": {"uv": [9.5, 5.5, 10, 6.5], "texture": "#19"},
				"south": {"uv": [9.5, 6.5, 10, 7.5], "texture": "#19"},
				"west": {"uv": [9.5, 7.5, 10, 8.5], "texture": "#19"},
				"up": {"uv": [11, 3, 10.5, 2.5], "texture": "#19"},
				"down": {"uv": [11, 3, 10.5, 3.5], "texture": "#19"}
			}
		},
		{
			"from": [7, -5, 6],
			"to": [8, -4, 11],
			"rotation": {"angle": 0, "axis": "y", "origin": [8, -7, 11]},
			"faces": {
				"north": {"uv": [10.5, 1.5, 11, 2], "texture": "#19"},
				"east": {"uv": [7.5, 4, 10, 4.5], "texture": "#19"},
				"south": {"uv": [2, 10.5, 2.5, 11], "texture": "#19"},
				"west": {"uv": [7.5, 4.5, 10, 5], "texture": "#19"},
				"up": {"uv": [8, 7.5, 7.5, 5], "texture": "#19"},
				"down": {"uv": [8, 7.5, 7.5, 10], "texture": "#19"}
			}
		},
		{
			"from": [7, -4, 4],
			"to": [8, -3, 13],
			"rotation": {"angle": 0, "axis": "y", "origin": [8, -4, 7]},
			"faces": {
				"north": {"uv": [10.5, 1, 11, 1.5], "texture": "#19"},
				"east": {"uv": [7, 0, 11.5, 0.5], "texture": "#19"},
				"south": {"uv": [1.5, 10.5, 2, 11], "texture": "#19"},
				"west": {"uv": [7, 0.5, 11.5, 1], "texture": "#19"},
				"up": {"uv": [7.5, 5.5, 7, 1], "texture": "#19"},
				"down": {"uv": [7.5, 5.5, 7, 10], "texture": "#19"}
			}
		},
		{
			"from": [6.5, -4.5, 7],
			"to": [8.5, -3.5, 10],
			"rotation": {"angle": 0, "axis": "y", "origin": [7.5, -4.5, 7]},
			"faces": {
				"north": {"uv": [1.5, 10, 2.5, 10.5], "texture": "#19"},
				"east": {"uv": [2.5, 9, 4, 9.5], "texture": "#19"},
				"south": {"uv": [10, 2, 11, 2.5], "texture": "#19"},
				"west": {"uv": [9, 5, 10.5, 5.5], "texture": "#19"},
				"up": {"uv": [8.5, 2.5, 7.5, 1], "texture": "#19"},
				"down": {"uv": [8.5, 2.5, 7.5, 4], "texture": "#19"}
			}
		},
		{
			"from": [7, -3.95, 3.025],
			"to": [8, -2.95, 4.025],
			"rotation": {"angle": 45, "axis": "x", "origin": [8, -3.95, 3.95]},
			"faces": {
				"north": {"uv": [10.5, 3.5, 11, 4], "texture": "#19"},
				"east": {"uv": [10.5, 4, 11, 4.5], "texture": "#19"},
				"south": {"uv": [10.5, 4.5, 11, 5], "texture": "#19"},
				"west": {"uv": [10.5, 5, 11, 5.5], "texture": "#19"},
				"up": {"uv": [11, 6, 10.5, 5.5], "texture": "#19"},
				"down": {"uv": [11, 6, 10.5, 6.5], "texture": "#19"}
			}
		},
		{
			"from": [7, -3.95, 12.975],
			"to": [8, -2.95, 13.975],
			"rotation": {"angle": -45, "axis": "x", "origin": [7, -3.95, 13.05]},
			"faces": {
				"north": {"uv": [10.5, 6.5, 11, 7], "texture": "#19"},
				"east": {"uv": [10.5, 7, 11, 7.5], "texture": "#19"},
				"south": {"uv": [10.5, 7.5, 11, 8], "texture": "#19"},
				"west": {"uv": [8, 10.5, 8.5, 11], "texture": "#19"},
				"up": {"uv": [11, 8.5, 10.5, 8], "texture": "#19"},
				"down": {"uv": [9, 10.5, 8.5, 11], "texture": "#19"}
			}
		},
		{
			"from": [7, -3, 7],
			"to": [8, 13, 10],
			"rotation": {"angle": 0, "axis": "y", "origin": [6, -5, 8]},
			"faces": {
				"north": {"uv": [0, 3, 0.5, 11], "texture": "#19"},
				"east": {"uv": [1, 2, 2.5, 10], "texture": "#19"},
				"south": {"uv": [0.5, 3, 1, 11], "texture": "#19"},
				"west": {"uv": [2.5, 1, 4, 9], "texture": "#19"},
				"up": {"uv": [9.5, 7, 9, 5.5], "texture": "#19"},
				"down": {"uv": [9.5, 7, 9, 8.5], "texture": "#19"}
			}
		},
		{
			"from": [7, 13, 7],
			"to": [8, 24, 10],
			"rotation": {"angle": 0, "axis": "y", "origin": [6, 11, 8]},
			"faces": {
				"north": {"uv": [6, 5.5, 6.5, 11], "texture": "#19"},
				"east": {"uv": [4, 0, 5.5, 5.5], "texture": "#19"},
				"south": {"uv": [6.5, 5.5, 7, 11], "texture": "#19"},
				"west": {"uv": [5.5, 0, 7, 5.5], "texture": "#19"},
				"up": {"uv": [8.5, 10.5, 8, 9], "texture": "#19"},
				"down": {"uv": [9, 9, 8.5, 10.5], "texture": "#19"}
			}
		},
		{
			"from": [7, 24, 7],
			"to": [8, 24.325, 10],
			"rotation": {"angle": 0, "axis": "y", "origin": [6, 24, 8]},
			"faces": {
				"north": {"uv": [10.5, 9, 11, 9.5], "texture": "#19"},
				"east": {"uv": [9, 8.5, 10.5, 9], "texture": "#19"},
				"south": {"uv": [9.5, 10.5, 10, 11], "texture": "#19"},
				"west": {"uv": [9, 9, 10.5, 9.5], "texture": "#19"},
				"up": {"uv": [10, 2.5, 9.5, 1], "texture": "#19"},
				"down": {"uv": [3, 9.5, 2.5, 11], "texture": "#19"}
			}
		},
		{
			"from": [7, 23.725, 6.5],
			"to": [8, 25.725, 8.5],
			"rotation": {"angle": -45, "axis": "x", "origin": [6, 25.725, 8.5]},
			"faces": {
				"north": {"uv": [3, 10, 3.5, 11], "texture": "#19"},
				"east": {"uv": [8, 6, 9, 7], "texture": "#19"},
				"south": {"uv": [3.5, 10, 4, 11], "texture": "#19"},
				"west": {"uv": [8, 7, 9, 8], "texture": "#19"},
				"up": {"uv": [10.5, 5, 10, 4], "texture": "#19"},
				"down": {"uv": [10.5, 5.5, 10, 6.5], "texture": "#19"}
			}
		},
		{
			"from": [6.975, 24, 7.75],
			"to": [6.975, 26, 9.75],
			"rotation": {"angle": 0, "axis": "y", "origin": [4.975, 24, 7.75]},
			"faces": {
				"north": {"uv": [0, 0, 0, 1], "texture": "#19"},
				"east": {"uv": [8, 8, 9, 9], "texture": "#19"},
				"south": {"uv": [0, 0, 0, 1], "texture": "#19"},
				"west": {"uv": [8.5, 1, 9.5, 2], "texture": "#19"},
				"up": {"uv": [0, 1, 0, 0], "texture": "#19"},
				"down": {"uv": [0, 0, 0, 1], "texture": "#19"}
			}
		},
		{
			"from": [8, 9, 6],
			"to": [8, 11, 8],
			"rotation": {"angle": 0, "axis": "y", "origin": [6, 9, 6]},
			"faces": {
				"north": {"uv": [0, 0, 0, 1], "texture": "#19"},
				"east": {"uv": [8.5, 2, 9.5, 3], "texture": "#19"},
				"south": {"uv": [0, 0, 0, 1], "texture": "#19"},
				"west": {"uv": [8.5, 3, 9.5, 4], "texture": "#19"},
				"up": {"uv": [0, 1, 0, 0], "texture": "#19"},
				"down": {"uv": [0, 0, 0, 1], "texture": "#19"}
			}
		},
		{
			"from": [7, 21, 10],
			"to": [7, 23, 12],
			"rotation": {"angle": 0, "axis": "y", "origin": [5, 21, 10]},
			"faces": {
				"north": {"uv": [0, 0, 0, 1], "texture": "#19"},
				"east": {"uv": [8.5, 2, 9.5, 3], "texture": "#19"},
				"south": {"uv": [0, 0, 0, 1], "texture": "#19"},
				"west": {"uv": [8.5, 3, 9.5, 4], "texture": "#19"},
				"up": {"uv": [0, 1, 0, 0], "texture": "#19"},
				"down": {"uv": [0, 0, 0, 1], "texture": "#19"}
			}
		},
		{
			"from": [7, -2.5, 10],
			"to": [7, -0.5, 12],
			"rotation": {"angle": 0, "axis": "y", "origin": [5, -2.5, 10]},
			"faces": {
				"north": {"uv": [0, 0, 0, 1], "texture": "#19"},
				"east": {"uv": [8.5, 2, 9.5, 3], "texture": "#19"},
				"south": {"uv": [0, 0, 0, 1], "texture": "#19"},
				"west": {"uv": [8.5, 3, 9.5, 4], "texture": "#19"},
				"up": {"uv": [0, 1, 0, 0], "texture": "#19"},
				"down": {"uv": [0, 0, 0, 1], "texture": "#19"}
			}
		}
	],
	"display": {
		"thirdperson_righthand": {
			"translation": [0, 13, 0.75],
			"scale": [0.85, 0.85, 0.85]
		},
		"thirdperson_lefthand": {
			"translation": [0, 13, 0.75],
			"scale": [0.85, 0.85, 0.85]
		},
		"firstperson_righthand": {
			"rotation": [9, 21.75, 0],
			"translation": [2.5, 6.25, 0.5],
			"scale": [0.5, 0.5, 0.5]
		},
		"firstperson_lefthand": {
			"rotation": [9, 21.75, 0],
			"translation": [2.5, 6.25, 0.25],
			"scale": [0.5, 0.5, 0.5]
		},
		"ground": {
			"rotation": [0, 0, 90]
		},
		"gui": {
			"rotation": [90, 45, -90],
			"translation": [1.125, 1.5, 0.75],
			"scale": [0.525, 0.525, 0.525]
		},
		"fixed": {
			"rotation": [90, -45, 90],
			"translation": [-1.25, 1.75, 0.75],
			"scale": [0.65, 0.65, 0.65]
		}
	}
}